0,1,0,96.686,False
0,1,1,99.222,False
0,1,2,98.889,False
0,1,3,98.278,False
0,1,4,98.334,False
0,1,5,96.889,False
0,1,6,97.463,False
0,1,7,98.926,False
0,1,8,98.889,False
0,1,9,98.019,False
0,1,10,98.722,False
0,1,11,98.908,False
0,1,12,99.056,False
0,1,13,99.556,False
0,1,14,98.315,False
0,1,15,99.296,False
0,1,16,99.593,False
0,1,17,99.204,False
0,1,18,98.593,False
0,1,19,98.537,False
0,2,0,96.815,False
0,2,1,99.222,False
0,2,2,98.852,False
0,2,3,98.982,False
0,2,4,98.685,False
0,2,5,96.926,False
0,2,6,97.001,False
0,2,7,98.685,False
0,2,8,98.223,False
0,2,9,98.630,False
0,2,10,99.296,False
0,2,11,98.704,False
0,2,12,98.815,False
0,2,13,99.408,False
0,2,14,98.519,False
0,2,15,99.130,False
0,2,16,99.315,False
0,2,17,99.333,False
0,2,18,98.574,False
0,2,19,98.463,False
0,3,0,95.816,False
0,3,1,99.259,False
0,3,2,98.741,False
0,3,3,98.871,False
0,3,4,98.982,False
0,3,5,97.149,False
0,3,6,98.074,False
0,3,7,98.759,False
0,3,8,98.371,False
0,3,9,98.482,False
0,3,10,98.722,False
0,3,11,99.056,False
0,3,12,98.667,False
0,3,13,99.537,False
0,3,14,98.223,False
0,3,15,99.111,False
0,3,16,99.482,False
0,3,17,99.426,False
0,3,18,98.556,False
0,3,19,98.297,False
0,4,0,96.630,False
0,4,1,99.278,False
0,4,2,98.797,False
0,4,3,98.852,False
0,4,4,98.648,False
0,4,5,97.001,False
0,4,6,96.982,False
0,4,7,98.389,False
0,4,8,97.908,False
0,4,9,98.371,False
0,4,10,98.389,False
0,4,11,98.815,False
0,4,12,98.463,False
0,4,13,99.167,False
0,4,14,98.519,False
0,4,15,99.296,False
0,4,16,99.204,False
0,4,17,99.278,False
0,4,18,98.908,False
0,4,19,97.778,False
0,5,0,94.168,False
0,5,1,99.296,False
0,5,2,98.648,False
0,5,3,98.759,False
0,5,4,98.685,False
0,5,5,96.093,False
0,5,6,97.649,False
0,5,7,98.926,False
0,5,8,98.759,False
0,5,9,98.315,False
0,5,10,98.871,False
0,5,11,98.889,False
0,5,12,98.426,False
0,5,13,99.241,False
0,5,14,98.704,False
0,5,15,99.278,False
0,5,16,99.426,False
0,5,17,99.204,False
0,5,18,98.815,False
0,5,19,98.537,False
0,6,0,95.742,False
0,6,1,99.222,False
0,6,2,98.445,False
0,6,3,98.685,False
0,6,4,98.889,False
0,6,5,97.186,False
0,6,6,98.056,False
0,6,7,98.834,False
0,6,8,98.556,False
0,6,9,98.408,False
0,6,10,98.871,False
0,6,11,99.037,False
0,6,12,98.945,False
0,6,13,99.426,False
0,6,14,98.611,False
0,6,15,99.389,False
0,6,16,99.389,False
0,6,17,99.222,False
0,6,18,98.945,False
0,6,19,98.186,False
0,7,0,97.704,False
0,7,1,99.408,False
0,7,2,98.889,False
0,7,3,98.815,False
0,7,4,98.204,False
0,7,5,96.593,False
0,7,6,97.167,False
0,7,7,98.834,False
0,7,8,98.037,False
0,7,9,98.704,False
0,7,10,99.259,False
0,7,11,98.926,False
0,7,12,98.889,False
0,7,13,99.463,False
0,7,14,98.852,False
0,7,15,99.482,False
0,7,16,99.500,False
0,7,17,99.370,False
0,7,18,99.000,False
0,7,19,98.204,False
0,8,0,96.260,False
0,8,1,99.093,False
0,8,2,98.611,False
0,8,3,98.630,False
0,8,4,98.852,False
0,8,5,96.871,False
0,8,6,97.908,False
0,8,7,98.611,False
0,8,8,98.500,False
0,8,9,98.704,False
0,8,10,98.797,False
0,8,11,98.685,False
0,8,12,98.722,False
0,8,13,99.426,False
0,8,14,98.482,False
0,8,15,98.611,False
0,8,16,99.111,False
0,8,17,99.315,False
0,8,18,98.871,False
0,8,19,98.334,False
0,9,0,97.315,False
0,9,1,99.259,False
0,9,2,98.704,False
0,9,3,98.500,False
0,9,4,98.852,False
0,9,5,97.075,False
0,9,6,98.130,False
0,9,7,98.815,False
0,9,8,98.223,False
0,9,9,98.223,False
0,9,10,99.259,False
0,9,11,99.037,False
0,9,12,98.741,False
0,9,13,99.426,False
0,9,14,98.648,False
0,9,15,99.204,False
0,9,16,99.259,False
0,9,17,99.148,False
0,9,18,98.852,False
0,9,19,97.852,False
0,10,0,97.704,False
0,10,1,99.222,False
0,10,2,99.019,False
0,10,3,97.389,False
0,10,4,98.778,False
0,10,5,95.834,False
0,10,6,98.148,False
0,10,7,98.426,False
0,10,8,97.982,False
0,10,9,98.722,False
0,10,10,98.834,False
0,10,11,99.037,False
0,10,12,98.889,False
0,10,13,99.241,False
0,10,14,98.556,False
0,10,15,99.204,False
0,10,16,99.259,False
0,10,17,99.333,False
0,10,18,98.797,False
0,10,19,98.611,False
0,11,0,96.519,False
0,11,1,98.537,False
0,11,2,98.778,False
0,11,3,98.648,False
0,11,4,98.908,False
0,11,5,95.853,False
0,11,6,97.908,False
0,11,7,98.667,False
0,11,8,97.963,False
0,11,9,98.056,False
0,11,10,98.574,False
0,11,11,99.111,False
0,11,12,99.093,False
0,11,13,99.445,False
0,11,14,98.297,False
0,11,15,99.389,False
0,11,16,99.370,False
0,11,17,99.278,False
0,11,18,98.759,False
0,11,19,98.352,False
0,12,0,95.353,False
0,12,1,99.222,False
0,12,2,98.834,False
0,12,3,98.908,False
0,12,4,99.019,False
0,12,5,96.167,False
0,12,6,97.760,False
0,12,7,98.889,False
0,12,8,97.889,False
0,12,9,98.537,False
0,12,10,99.278,False
0,12,11,98.871,False
0,12,12,98.945,False
0,12,13,98.982,False
0,12,14,98.500,False
0,12,15,99.241,False
0,12,16,99.463,False
0,12,17,99.167,False
0,12,18,98.704,False
0,12,19,97.834,False
1,1,0,94.871,True
1,1,1,99.296,True
1,1,2,98.334,True
1,1,3,97.778,True
1,1,4,98.389,True
1,1,5,96.612,True
1,1,6,92.779,True
1,1,7,96.889,True
1,1,8,97.315,True
1,1,9,98.408,True
1,1,10,98.593,True
1,1,11,98.685,True
1,1,12,98.389,True
1,1,13,98.556,True
1,1,14,97.778,True
1,1,15,98.574,True
1,1,16,99.222,True
1,1,17,99.111,True
1,1,18,98.759,True
1,1,19,96.723,True
0,13,0,96.667,False
0,13,1,99.222,False
0,13,2,98.704,False
0,13,3,98.815,False
0,13,4,98.778,False
0,13,5,96.760,False
0,13,6,97.297,False
0,13,7,98.556,False
0,13,8,98.260,False
0,13,9,98.371,False
0,13,10,98.593,False
0,13,11,98.945,False
0,13,12,99.111,False
0,13,13,99.389,False
0,13,14,98.223,False
0,13,15,99.370,False
0,13,16,99.556,False
0,13,17,99.370,False
0,13,18,99.185,False
0,13,19,98.204,False
2,1,0,94.501,True
2,1,1,98.889,True
2,1,2,98.722,True
2,1,3,97.760,True
2,1,4,98.574,True
2,1,5,96.612,True
2,1,6,95.427,True
2,1,7,97.593,True
2,1,8,97.278,True
2,1,9,98.463,True
2,1,10,98.389,True
2,1,11,98.815,True
2,1,12,98.630,True
2,1,13,99.556,True
2,1,14,97.778,True
2,1,15,98.704,True
2,1,16,98.982,True
2,1,17,99.259,True
2,1,18,98.463,True
2,1,19,96.964,True
1,2,0,96.686,True
1,2,1,98.445,True
1,2,2,98.352,True
1,2,3,98.186,True
1,2,4,96.204,True
1,2,5,95.575,True
1,2,6,96.538,True
1,2,7,98.204,True
1,2,8,94.168,True
1,2,9,98.111,True
1,2,10,98.741,True
1,2,11,98.778,True
1,2,12,98.667,True
1,2,13,99.093,True
1,2,14,97.482,True
1,2,15,98.889,True
1,2,16,97.667,True
1,2,17,99.389,True
1,2,18,98.630,True
1,2,19,98.297,True
0,14,0,96.964,False
0,14,1,99.074,False
0,14,2,98.611,False
0,14,3,98.908,False
0,14,4,99.037,False
0,14,5,95.871,False
0,14,6,98.204,False
0,14,7,98.889,False
0,14,8,98.426,False
0,14,9,98.482,False
0,14,10,98.815,False
0,14,11,98.593,False
0,14,12,99.537,False
0,14,13,99.519,False
0,14,14,98.463,False
0,14,15,99.259,False
0,14,16,99.333,False
0,14,17,99.204,False
0,14,18,98.426,False
0,14,19,98.278,False
2,2,0,97.149,True
2,2,1,98.834,True
2,2,2,98.241,True
2,2,3,98.593,True
2,2,4,91.557,True
2,2,5,96.204,True
2,2,6,96.464,True
2,2,7,97.704,True
2,2,8,96.482,True
2,2,9,98.223,True
2,2,10,98.834,True
2,2,11,98.797,True
2,2,12,97.926,True
2,2,13,98.852,True
2,2,14,98.648,True
2,2,15,99.222,True
2,2,16,99.370,True
2,2,17,99.315,True
2,2,18,98.759,True
2,2,19,98.408,True
1,3,0,92.742,True
1,3,1,96.612,True
1,3,2,98.000,True
1,3,3,95.482,True
1,3,4,94.427,True
1,3,5,93.890,True
1,3,6,95.797,True
1,3,7,98.148,True
1,3,8,96.982,True
1,3,9,97.167,True
1,3,10,98.704,True
1,3,11,98.334,True
1,3,12,98.722,True
1,3,13,95.112,True
1,3,14,95.667,True
1,3,15,98.278,True
1,3,16,97.963,True
1,3,17,98.667,True
1,3,18,98.408,True
1,3,19,96.815,True
0,15,0,96.556,False
0,15,1,99.333,False
0,15,2,98.778,False
0,15,3,98.556,False
0,15,4,98.685,False
0,15,5,96.945,False
0,15,6,97.778,False
0,15,7,98.834,False
0,15,8,98.074,False
0,15,9,98.204,False
0,15,10,99.148,False
0,15,11,99.019,False
0,15,12,99.037,False
0,15,13,99.445,False
0,15,14,98.074,False
0,15,15,99.222,False
0,15,16,98.722,False
0,15,17,99.370,False
0,15,18,98.945,False
0,15,19,97.778,False
2,3,0,93.575,True
2,3,1,98.722,True
2,3,2,98.667,True
2,3,3,97.797,True
2,3,4,97.186,True
2,3,5,91.187,True
2,3,6,95.556,True
2,3,7,97.760,True
2,3,8,96.538,True
2,3,9,96.186,True
2,3,10,98.759,True
2,3,11,98.537,True
2,3,12,98.241,True
2,3,13,96.630,True
2,3,14,96.390,True
2,3,15,99.019,True
2,3,16,96.908,True
2,3,17,98.797,True
2,3,18,97.019,True
2,3,19,96.575,True
1,4,0,95.593,True
1,4,1,98.908,True
1,4,2,98.426,True
1,4,3,97.723,True
1,4,4,94.982,True
1,4,5,95.686,True
1,4,6,97.241,True
1,4,7,97.075,True
1,4,8,95.056,True
1,4,9,97.482,True
1,4,10,98.445,True
1,4,11,98.315,True
1,4,12,98.741,True
1,4,13,98.759,True
1,4,14,97.889,True
1,4,15,98.556,True
1,4,16,98.889,True
1,4,17,98.963,True
1,4,18,91.835,True
1,4,19,98.037,True
0,16,0,97.186,False
0,16,1,99.185,False
0,16,2,98.778,False
0,16,3,98.852,False
0,16,4,98.945,False
0,16,5,95.797,False
0,16,6,97.704,False
0,16,7,98.574,False
0,16,8,98.408,False
0,16,9,97.797,False
0,16,10,99.148,False
0,16,11,98.945,False
0,16,12,98.945,False
0,16,13,99.445,False
0,16,14,98.408,False
0,16,15,99.148,False
0,16,16,99.482,False
0,16,17,99.370,False
0,16,18,98.815,False
0,16,19,98.297,False
1,5,0,95.612,True
1,5,1,96.593,True
1,5,2,98.556,True
1,5,3,97.149,True
1,5,4,89.206,True
1,5,5,94.075,True
1,5,6,97.500,True
1,5,7,98.260,True
1,5,8,98.722,True
1,5,9,96.297,True
1,5,10,98.759,True
1,5,11,98.519,True
1,5,12,97.963,True
1,5,13,98.408,True
1,5,14,95.149,True
1,5,15,98.519,True
1,5,16,99.241,True
1,5,17,99.056,True
1,5,18,99.167,True
1,5,19,97.630,True
2,4,0,95.519,True
2,4,1,99.241,True
2,4,2,98.371,True
2,4,3,95.686,True
2,4,4,96.593,True
2,4,5,94.483,True
2,4,6,94.223,True
2,4,7,95.408,True
2,4,8,96.334,True
2,4,9,97.038,True
2,4,10,98.722,True
2,4,11,98.500,True
2,4,12,98.759,True
2,4,13,98.908,True
2,4,14,98.074,True
2,4,15,98.482,True
2,4,16,99.222,True
2,4,17,99.500,True
2,4,18,93.557,True
2,4,19,98.000,True
0,17,0,96.926,False
0,17,1,99.389,False
0,17,2,98.834,False
0,17,3,99.019,False
0,17,4,99.056,False
0,17,5,95.797,False
0,17,6,97.704,False
0,17,7,98.611,False
0,17,8,98.278,False
0,17,9,98.722,False
0,17,10,98.834,False
0,17,11,99.111,False
0,17,12,98.963,False
0,17,13,99.037,False
0,17,14,98.611,False
0,17,15,98.963,False
0,17,16,99.296,False
0,17,17,99.241,False
0,17,18,98.852,False
0,17,19,98.111,False
2,5,0,92.816,True
2,5,1,97.741,True
2,5,2,98.982,True
2,5,3,97.278,True
2,5,4,95.649,True
2,5,5,95.742,True
2,5,6,97.334,True
2,5,7,98.408,True
2,5,8,99.019,True
2,5,9,97.908,True
2,5,10,98.389,True
2,5,11,98.056,True
2,5,12,96.871,True
2,5,13,99.130,True
2,5,14,96.889,True
2,5,15,98.759,True
2,5,16,98.889,True
2,5,17,99.111,True
2,5,18,98.908,True
2,5,19,96.760,True
1,6,0,96.445,True
1,6,1,97.963,True
1,6,2,98.186,True
1,6,3,95.131,True
1,6,4,97.038,True
1,6,5,96.056,True
1,6,6,97.038,True
1,6,7,98.667,True
1,6,8,98.278,True
1,6,9,97.778,True
1,6,10,97.852,True
1,6,11,97.815,True
1,6,12,98.186,True
1,6,13,99.278,True
1,6,14,94.112,True
1,6,15,98.778,True
1,6,16,98.630,True
1,6,17,98.982,True
1,6,18,98.315,True
1,6,19,97.038,True
0,18,0,96.593,False
0,18,1,99.370,False
0,18,2,98.759,False
0,18,3,98.685,False
0,18,4,98.963,False
0,18,5,96.575,False
0,18,6,97.630,False
0,18,7,98.722,False
0,18,8,98.204,False
0,18,9,98.667,False
0,18,10,99.019,False
0,18,11,99.037,False
0,18,12,98.778,False
0,18,13,99.445,False
0,18,14,98.500,False
0,18,15,99.111,False
0,18,16,99.315,False
0,18,17,99.426,False
0,18,18,98.630,False
0,18,19,97.852,False
2,6,0,97.334,True
2,6,1,97.260,True
2,6,2,98.482,True
2,6,3,97.112,True
2,6,4,98.722,True
2,6,5,93.890,True
2,6,6,95.927,True
2,6,7,97.260,True
2,6,8,97.760,True
2,6,9,96.778,True
2,6,10,98.667,True
2,6,11,96.760,True
2,6,12,99.074,True
2,6,13,98.704,True
2,6,14,94.594,True
2,6,15,98.352,True
2,6,16,99.167,True
2,6,17,98.741,True
2,6,18,98.648,True
2,6,19,98.056,True
1,7,0,64.710,True
1,7,1,71.079,True
1,7,2,74.431,True
1,7,3,69.172,True
1,7,4,59.100,True
1,7,5,41.122,True
1,7,6,63.914,True
1,7,7,65.988,True
1,7,8,84.836,True
1,7,9,66.469,True
1,7,10,52.861,True
1,7,11,62.081,True
1,7,12,68.339,True
1,7,13,65.580,True
1,7,14,64.544,True
1,7,15,77.541,True
1,7,16,76.116,True
1,7,17,61.137,True
1,7,18,61.081,True
1,7,19,68.747,True
0,19,0,97.186,False
0,19,1,99.204,False
0,19,2,98.204,False
0,19,3,98.648,False
0,19,4,98.797,False
0,19,5,96.334,False
0,19,6,98.223,False
0,19,7,98.797,False
0,19,8,97.186,False
0,19,9,98.445,False
0,19,10,99.000,False
0,19,11,98.982,False
0,19,12,99.074,False
0,19,13,99.296,False
0,19,14,98.815,False
0,19,15,99.019,False
0,19,16,99.482,False
0,19,17,99.408,False
0,19,18,98.926,False
0,19,19,98.667,False
2,7,0,59.693,True
2,7,1,77.967,True
2,7,2,74.005,True
2,7,3,59.952,True
2,7,4,76.523,True
2,7,5,78.189,True
2,7,6,59.656,True
2,7,7,69.506,True
2,7,8,71.228,True
2,7,9,62.637,True
2,7,10,71.764,True
2,7,11,63.433,True
2,7,12,77.245,True
2,7,13,60.600,True
2,7,14,60.822,True
2,7,15,63.099,True
2,7,16,63.136,True
2,7,17,62.026,True
2,7,18,65.118,True
2,7,19,59.100,True
1,8,0,95.667,True
1,8,1,98.630,True
1,8,2,98.593,True
1,8,3,98.148,True
1,8,4,97.408,True
1,8,5,96.056,True
1,8,6,96.501,True
1,8,7,98.463,True
1,8,8,92.187,True
1,8,9,97.871,True
1,8,10,98.371,True
1,8,11,96.538,True
1,8,12,98.889,True
1,8,13,99.315,True
1,8,14,96.778,True
1,8,15,99.167,True
1,8,16,99.445,True
1,8,17,99.111,True
1,8,18,96.390,True
1,8,19,98.278,True
0,20,0,97.130,False
0,20,1,99.296,False
0,20,2,98.352,False
0,20,3,98.722,False
0,20,4,98.759,False
0,20,5,97.130,False
0,20,6,98.148,False
0,20,7,98.834,False
0,20,8,98.371,False
0,20,9,98.463,False
0,20,10,98.704,False
0,20,11,98.815,False
0,20,12,98.852,False
0,20,13,99.463,False
0,20,14,98.667,False
0,20,15,99.426,False
0,20,16,99.093,False
0,20,17,99.463,False
0,20,18,98.963,False
0,20,19,98.315,False
2,8,0,96.149,True
2,8,1,99.111,True
2,8,2,98.982,True
2,8,3,98.537,True
2,8,4,97.908,True
2,8,5,95.353,True
2,8,6,96.852,True
2,8,7,98.241,True
2,8,8,93.131,True
2,8,9,98.223,True
2,8,10,98.704,True
2,8,11,97.556,True
2,8,12,98.741,True
2,8,13,98.871,True
2,8,14,95.556,True
2,8,15,99.333,True
2,8,16,99.167,True
2,8,17,99.130,True
2,8,18,94.631,True
2,8,19,97.482,True
1,9,0,75.449,True
1,9,1,79.782,True
1,9,2,94.908,True
1,9,3,80.263,True
1,9,4,95.242,True
1,9,5,72.042,True
1,9,6,95.871,True
1,9,7,78.374,True
1,9,8,78.911,True
1,9,9,80.189,True
1,9,10,88.058,True
1,9,11,81.763,True
1,9,12,76.301,True
1,9,13,93.353,True
1,9,14,91.483,True
1,9,15,78.782,True
1,9,16,72.542,True
1,9,17,78.911,True
1,9,18,86.021,True
1,9,19,77.874,True
2,9,0,78.560,True
2,9,1,93.853,True
2,9,2,84.466,True
2,9,3,78.374,True
2,9,4,95.427,True
2,9,5,80.744,True
2,9,6,78.319,True
2,9,7,86.891,True
2,9,8,79.004,True
2,9,9,79.096,True
2,9,10,81.041,True
2,9,11,76.356,True
2,9,12,78.282,True
2,9,13,88.780,True
2,9,14,80.929,True
2,9,15,79.059,True
2,9,16,80.855,True
2,9,17,79.078,True
2,9,18,78.152,True
2,9,19,84.170,True
1,10,0,94.001,True
1,10,1,98.778,True
1,10,2,97.871,True
1,10,3,98.315,True
1,10,4,97.704,True
1,10,5,90.854,True
1,10,6,95.593,True
1,10,7,93.520,True
1,10,8,96.297,True
1,10,9,98.408,True
1,10,10,98.445,True
1,10,11,98.408,True
1,10,12,97.352,True
1,10,13,99.130,True
1,10,14,98.000,True
1,10,15,97.649,True
1,10,16,98.537,True
1,10,17,99.148,True
1,10,18,98.871,True
1,10,19,97.575,True
2,10,0,95.445,True
2,10,1,99.000,True
2,10,2,98.093,True
2,10,3,98.426,True
2,10,4,98.019,True
2,10,5,96.686,True
2,10,6,95.649,True
2,10,7,96.852,True
2,10,8,98.130,True
2,10,9,98.352,True
2,10,10,98.408,True
2,10,11,98.500,True
2,10,12,96.149,True
2,10,13,99.148,True
2,10,14,98.037,True
2,10,15,98.074,True
2,10,16,99.204,True
2,10,17,98.556,True
2,10,18,98.204,True
2,10,19,97.741,True
1,11,0,95.260,True
1,11,1,98.815,True
1,11,2,98.389,True
1,11,3,97.223,True
1,11,4,97.056,True
1,11,5,91.483,True
1,11,6,96.686,True
1,11,7,97.575,True
1,11,8,96.686,True
1,11,9,97.445,True
1,11,10,97.612,True
1,11,11,96.852,True
1,11,12,98.297,True
1,11,13,99.056,True
1,11,14,98.926,True
1,11,15,98.889,True
1,11,16,98.926,True
1,11,17,99.130,True
1,11,18,98.352,True
1,11,19,96.167,True
3,1,0,83.373,True
3,1,1,90.428,True
3,1,2,82.818,True
3,1,3,95.149,True
3,1,4,76.782,True
3,1,5,87.891,True
3,1,6,51.102,True
3,1,7,94.797,True
3,1,8,93.020,True
3,1,9,93.279,True
3,1,10,93.242,True
3,1,11,95.686,True
3,1,12,92.853,True
3,1,13,96.278,True
3,1,14,95.612,True
3,1,15,98.371,True
3,1,16,92.927,True
3,1,17,98.130,True
3,1,18,96.019,True
3,1,19,96.575,True
2,11,0,96.075,True
2,11,1,98.815,True
2,11,2,98.297,True
2,11,3,98.000,True
2,11,4,96.445,True
2,11,5,91.502,True
2,11,6,93.149,True
2,11,7,98.408,True
2,11,8,96.889,True
2,11,9,98.056,True
2,11,10,98.982,True
2,11,11,96.723,True
2,11,12,97.649,True
2,11,13,99.370,True
2,11,14,96.982,True
2,11,15,99.093,True
2,11,16,98.482,True
2,11,17,99.241,True
2,11,18,98.593,True
2,11,19,95.908,True
1,12,0,94.297,True
1,12,1,98.963,True
1,12,2,98.982,True
1,12,3,98.908,True
1,12,4,97.871,True
1,12,5,96.482,True
1,12,6,97.260,True
1,12,7,98.389,True
1,12,8,96.982,True
1,12,9,97.889,True
1,12,10,98.574,True
1,12,11,98.556,True
1,12,12,98.593,True
1,12,13,98.223,True
1,12,14,95.297,True
1,12,15,98.093,True
1,12,16,99.500,True
1,12,17,98.759,True
1,12,18,98.074,True
1,12,19,98.019,True
3,2,0,76.301,True
3,2,1,98.926,True
3,2,2,80.652,True
3,2,3,90.409,True
3,2,4,92.372,True
3,2,5,61.859,True
3,2,6,78.374,True
3,2,7,92.964,True
3,2,8,91.687,True
3,2,9,80.004,True
3,2,10,89.687,True
3,2,11,88.780,True
3,2,12,94.631,True
3,2,13,91.631,True
3,2,14,84.966,True
3,2,15,95.556,True
3,2,16,75.967,True
3,2,17,95.464,True
3,2,18,91.168,True
3,2,19,91.446,True
2,12,0,95.982,False
2,12,1,98.741,False
2,12,2,99.074,False
2,12,3,98.834,False
2,12,4,98.852,False
2,12,5,93.353,False
2,12,6,96.575,False
2,12,7,98.741,False
2,12,8,98.223,False
2,12,9,98.334,False
2,12,10,99.222,False
2,12,11,98.778,False
2,12,12,98.148,False
2,12,13,97.482,False
2,12,14,97.612,False
2,12,15,98.426,False
2,12,16,99.278,False
2,12,17,99.185,False
2,12,18,99.074,False
2,12,19,98.297,False
1,13,0,94.075,True
1,13,1,98.093,True
1,13,2,98.334,True
1,13,3,98.074,True
1,13,4,97.556,True
1,13,5,95.427,True
1,13,6,97.741,True
1,13,7,98.778,True
1,13,8,98.074,True
1,13,9,93.446,True
1,13,10,98.500,True
1,13,11,96.519,True
1,13,12,98.926,True
1,13,13,98.889,True
1,13,14,97.593,True
1,13,15,99.426,True
1,13,16,98.352,True
1,13,17,98.371,True
1,13,18,98.463,True
1,13,19,97.741,True
3,3,0,81.781,True
3,3,1,90.742,True
3,3,2,90.020,True
3,3,3,94.038,True
3,3,4,77.152,True
3,3,5,88.817,True
3,3,6,64.766,True
3,3,7,75.319,True
3,3,8,75.375,True
3,3,9,48.380,True
3,3,10,92.964,True
3,3,11,95.371,True
3,3,12,86.910,True
3,3,13,97.612,True
3,3,14,87.743,True
3,3,15,97.352,True
3,3,16,78.485,True
3,3,17,86.095,True
3,3,18,88.354,True
3,3,19,78.282,True
1,14,0,95.964,True
1,14,1,99.185,True
1,14,2,98.815,True
1,14,3,98.389,True
1,14,4,98.463,True
1,14,5,90.168,True
1,14,6,96.871,True
1,14,7,98.111,True
1,14,8,96.908,True
1,14,9,96.519,True
1,14,10,98.408,True
1,14,11,98.093,True
1,14,12,96.778,True
1,14,13,98.778,True
1,14,14,98.445,True
1,14,15,99.019,True
1,14,16,98.334,True
1,14,17,98.685,True
1,14,18,96.593,True
1,14,19,97.371,True
2,13,0,94.279,True
2,13,1,97.797,True
2,13,2,98.074,True
2,13,3,96.852,True
2,13,4,97.297,True
2,13,5,96.612,True
2,13,6,97.519,True
2,13,7,98.741,True
2,13,8,98.315,True
2,13,9,98.000,True
2,13,10,98.889,True
2,13,11,97.556,True
2,13,12,98.426,True
2,13,13,98.667,True
2,13,14,97.686,True
2,13,15,99.204,True
2,13,16,99.222,True
2,13,17,98.685,True
2,13,18,98.852,True
2,13,19,97.537,True
3,4,0,81.281,True
3,4,1,93.816,True
3,4,2,91.853,True
3,4,3,87.724,True
3,4,4,75.727,True
3,4,5,70.542,True
3,4,6,56.841,True
3,4,7,95.131,True
3,4,8,39.863,True
3,4,9,95.945,True
3,4,10,93.001,True
3,4,11,91.094,True
3,4,12,88.521,True
3,4,13,88.484,True
3,4,14,89.298,True
3,4,15,97.186,True
3,4,16,97.038,True
3,4,17,95.797,True
3,4,18,69.061,True
3,4,19,94.501,True
1,15,0,90.076,True
1,15,1,91.705,True
1,15,2,79.541,True
1,15,3,76.634,True
1,15,4,77.986,True
1,15,5,74.671,True
1,15,6,77.060,True
1,15,7,95.519,True
1,15,8,81.874,True
1,15,9,88.410,True
1,15,10,57.267,True
1,15,11,76.523,True
1,15,12,69.469,True
1,15,13,97.075,True
1,15,14,76.060,True
1,15,15,79.004,True
1,15,16,92.316,True
1,15,17,78.837,True
1,15,18,77.152,True
1,15,19,95.353,True
2,14,0,96.241,True
2,14,1,99.037,True
2,14,2,98.408,True
2,14,3,97.963,True
2,14,4,97.500,True
2,14,5,88.632,True
2,14,6,96.538,True
2,14,7,98.426,True
2,14,8,98.056,True
2,14,9,97.871,True
2,14,10,98.908,True
2,14,11,97.852,True
2,14,12,91.446,True
2,14,13,98.371,True
2,14,14,98.537,True
2,14,15,98.963,True
2,14,16,99.259,True
2,14,17,98.908,True
2,14,18,97.223,True
2,14,19,98.630,True
3,5,0,73.764,True
3,5,1,90.187,True
3,5,2,82.855,True
3,5,3,94.075,True
3,5,4,75.412,True
3,5,5,88.465,True
3,5,6,84.855,True
3,5,7,87.317,True
3,5,8,97.371,True
3,5,9,87.058,True
3,5,10,92.612,True
3,5,11,96.241,True
3,5,12,80.541,True
3,5,13,96.704,True
3,5,14,81.448,True
3,5,15,95.612,True
3,5,16,88.909,True
3,5,17,97.575,True
3,5,18,96.371,True
3,5,19,80.467,True
1,16,0,97.001,True
1,16,1,99.074,True
1,16,2,97.223,True
1,16,3,98.759,True
1,16,4,97.686,True
1,16,5,97.019,True
1,16,6,96.001,True
1,16,7,96.797,True
1,16,8,93.668,True
1,16,9,98.037,True
1,16,10,97.371,True
1,16,11,98.630,True
1,16,12,98.186,True
1,16,13,99.019,True
1,16,14,96.445,True
1,16,15,98.685,True
1,16,16,98.500,True
1,16,17,97.667,True
1,16,18,98.519,True
1,16,19,94.223,True
2,15,0,80.467,True
2,15,1,94.279,True
2,15,2,86.688,True
2,15,3,74.616,True
2,15,4,94.260,True
2,15,5,78.430,True
2,15,6,76.227,True
2,15,7,93.057,True
2,15,8,81.281,True
2,15,9,79.763,True
2,15,10,84.096,True
2,15,11,77.004,True
2,15,12,76.264,True
2,15,13,92.150,True
2,15,14,83.781,True
2,15,15,78.911,True
2,15,16,82.040,True
2,15,17,79.837,True
2,15,18,87.743,True
2,15,19,84.429,True
3,6,0,88.280,True
3,6,1,91.076,True
3,6,2,85.169,True
3,6,3,73.042,True
3,6,4,85.799,True
3,6,5,91.057,True
3,6,6,89.835,True
3,6,7,85.281,True
3,6,8,89.891,True
3,6,9,76.671,True
3,6,10,92.909,True
3,6,11,86.077,True
3,6,12,90.798,True
3,6,13,93.168,True
3,6,14,55.527,True
3,6,15,93.353,True
3,6,16,94.390,True
3,6,17,91.057,True
3,6,18,87.169,True
3,6,19,85.725,True
2,16,0,97.630,True
2,16,1,99.093,True
2,16,2,97.593,True
2,16,3,98.611,True
2,16,4,98.334,True
2,16,5,95.112,True
2,16,6,96.278,True
2,16,7,98.093,True
2,16,8,95.519,True
2,16,9,97.019,True
2,16,10,98.241,True
2,16,11,98.611,True
2,16,12,98.778,True
2,16,13,99.019,True
2,16,14,98.019,True
2,16,15,98.797,True
2,16,16,98.889,True
2,16,17,98.704,True
2,16,18,95.908,True
2,16,19,94.427,True
1,17,0,94.445,True
1,17,1,96.427,True
1,17,2,97.389,True
1,17,3,98.426,True
1,17,4,96.723,True
1,17,5,95.593,True
1,17,6,95.890,True
1,17,7,97.038,True
1,17,8,93.594,True
1,17,9,97.741,True
1,17,10,99.259,True
1,17,11,98.223,True
1,17,12,98.037,True
1,17,13,98.445,True
1,17,14,97.426,True
1,17,15,98.556,True
1,17,16,99.222,True
1,17,17,98.963,True
1,17,18,98.482,True
1,17,19,95.464,True
3,7,0,52.268,True
3,7,1,45.140,True
3,7,2,54.157,True
3,7,3,56.230,True
3,7,4,51.157,True
3,7,5,20.663,True
3,7,6,51.953,True
3,7,7,49.250,True
3,7,8,58.156,True
3,7,9,47.121,True
3,7,10,36.216,True
3,7,11,48.047,True
3,7,12,49.602,True
3,7,13,58.545,True
3,7,14,42.733,True
3,7,15,59.582,True
3,7,16,50.620,True
3,7,17,59.452,True
3,7,18,48.621,True
3,7,19,59.285,True
2,17,0,97.001,True
2,17,1,98.852,True
2,17,2,98.741,True
2,17,3,97.334,True
2,17,4,98.130,True
2,17,5,94.927,True
2,17,6,93.742,True
2,17,7,98.593,True
2,17,8,96.482,True
2,17,9,98.371,True
2,17,10,99.500,True
2,17,11,98.963,True
2,17,12,98.037,True
2,17,13,99.111,True
2,17,14,97.667,True
2,17,15,99.111,True
2,17,16,99.148,True
2,17,17,99.370,True
2,17,18,97.556,True
2,17,19,94.871,True
1,18,0,95.279,True
1,18,1,98.704,True
1,18,2,98.611,True
1,18,3,98.722,True
1,18,4,97.649,True
1,18,5,95.168,True
1,18,6,98.130,True
1,18,7,98.556,True
1,18,8,97.649,True
1,18,9,97.463,True
1,18,10,97.834,True
1,18,11,98.167,True
1,18,12,98.908,True
1,18,13,98.889,True
1,18,14,97.630,True
1,18,15,99.296,True
1,18,16,96.093,True
1,18,17,98.759,True
1,18,18,94.279,True
1,18,19,96.834,True
3,8,0,62.211,True
3,8,1,88.854,True
3,8,2,71.635,True
3,8,3,92.575,True
3,8,4,83.022,True
3,8,5,91.502,True
3,8,6,81.633,True
3,8,7,94.834,True
3,8,8,61.081,True
3,8,9,87.613,True
3,8,10,87.502,True
3,8,11,94.501,True
3,8,12,77.837,True
3,8,13,95.723,True
3,8,14,88.335,True
3,8,15,95.242,True
3,8,16,98.093,True
3,8,17,94.631,True
3,8,18,91.983,True
3,8,19,94.668,True
2,18,0,97.371,True
2,18,1,98.926,True
2,18,2,98.797,True
2,18,3,98.704,True
2,18,4,97.926,True
2,18,5,93.335,True
2,18,6,97.760,True
2,18,7,98.334,True
2,18,8,97.889,True
2,18,9,98.278,True
2,18,10,98.889,True
2,18,11,98.093,True
2,18,12,99.185,True
2,18,13,98.759,True
2,18,14,96.723,True
2,18,15,98.871,True
2,18,16,95.538,True
2,18,17,99.148,True
2,18,18,95.001,True
2,18,19,95.853,True
1,19,0,95.334,True
1,19,1,98.852,True
1,19,2,98.408,True
1,19,3,98.519,True
1,19,4,92.872,True
1,19,5,94.131,True
1,19,6,96.704,True
1,19,7,98.223,True
1,19,8,93.594,True
1,19,9,96.204,True
1,19,10,98.648,True
1,19,11,97.075,True
1,19,12,98.945,True
1,19,13,98.741,True
1,19,14,96.427,True
1,19,15,99.185,True
1,19,16,99.019,True
1,19,17,98.908,True
1,19,18,98.926,True
1,19,19,96.852,True
3,9,0,69.561,True
3,9,1,39.437,True
3,9,2,57.249,True
3,9,3,54.842,True
3,9,4,54.564,True
3,9,5,14.886,True
3,9,6,57.045,True
3,9,7,26.051,True
3,9,8,67.950,True
3,9,9,62.785,True
3,9,10,25.495,True
3,9,11,67.765,True
3,9,12,43.103,True
3,9,13,60.044,True
3,9,14,67.154,True
3,9,15,74.708,True
3,9,16,77.375,True
3,9,17,74.412,True
3,9,18,31.864,True
3,9,19,73.209,True
1,20,0,94.649,True
1,20,1,98.963,True
1,20,2,98.315,True
1,20,3,98.334,True
1,20,4,96.056,True
1,20,5,96.723,True
1,20,6,98.223,True
1,20,7,98.223,True
1,20,8,93.298,True
1,20,9,96.334,True
1,20,10,98.685,True
1,20,11,98.537,True
1,20,12,98.389,True
1,20,13,99.056,True
1,20,14,97.260,True
1,20,15,98.852,True
1,20,16,98.408,True
1,20,17,99.148,True
1,20,18,98.037,True
1,20,19,97.704,True
2,19,0,95.260,True
2,19,1,98.908,True
2,19,2,98.482,True
2,19,3,98.759,True
2,19,4,96.612,True
2,19,5,95.630,True
2,19,6,93.112,True
2,19,7,98.667,True
2,19,8,95.186,True
2,19,9,97.426,True
2,19,10,98.482,True
2,19,11,95.964,True
2,19,12,98.556,True
2,19,13,98.945,True
2,19,14,95.501,True
2,19,15,99.000,True
2,19,16,99.222,True
2,19,17,99.111,True
2,19,18,99.093,True
2,19,19,98.371,True
4,1,0,97.093,True
4,1,1,98.759,True
4,1,2,98.334,True
4,1,3,97.741,True
4,1,4,95.704,True
4,1,5,92.113,True
4,1,6,94.223,True
4,1,7,98.019,True
4,1,8,94.890,True
4,1,9,97.389,True
4,1,10,98.056,True
4,1,11,95.056,True
4,1,12,95.779,True
4,1,13,99.111,True
4,1,14,96.964,True
4,1,15,97.982,True
4,1,16,99.093,True
4,1,17,98.815,True
4,1,18,96.204,True
4,1,19,93.483,True
3,10,0,81.596,True
3,10,1,96.482,True
3,10,2,72.579,True
3,10,3,80.522,True
3,10,4,91.353,True
3,10,5,89.113,True
3,10,6,67.950,True
3,10,7,89.298,True
3,10,8,94.408,True
3,10,9,90.298,True
3,10,10,91.150,True
3,10,11,95.723,True
3,10,12,81.170,True
3,10,13,74.690,True
3,10,14,94.427,True
3,10,15,95.501,True
3,10,16,56.027,True
3,10,17,96.297,True
3,10,18,77.300,True
3,10,19,94.371,True
2,20,0,95.871,True
2,20,1,98.778,True
2,20,2,98.741,True
2,20,3,98.537,True
2,20,4,95.964,True
2,20,5,96.519,True
2,20,6,98.556,True
2,20,7,98.074,True
2,20,8,93.242,True
2,20,9,97.278,True
2,20,10,99.167,True
2,20,11,98.945,True
2,20,12,98.167,True
2,20,13,99.389,True
2,20,14,97.334,True
2,20,15,98.871,True
2,20,16,98.722,True
2,20,17,98.648,True
2,20,18,98.667,True
2,20,19,97.149,True
4,2,0,94.131,True
4,2,1,99.056,True
4,2,2,98.445,True
4,2,3,95.038,True
4,2,4,95.964,True
4,2,5,95.242,True
4,2,6,97.149,True
4,2,7,97.612,True
4,2,8,98.111,True
4,2,9,96.093,True
4,2,10,98.204,True
4,2,11,97.352,True
4,2,12,98.056,True
4,2,13,98.778,True
4,2,14,98.260,True
4,2,15,99.037,True
4,2,16,98.482,True
4,2,17,98.759,True
4,2,18,95.112,True
4,2,19,97.852,True
3,11,0,86.169,True
3,11,1,68.747,True
3,11,2,96.667,True
3,11,3,95.982,True
3,11,4,89.595,True
3,11,5,83.818,True
3,11,6,58.323,True
3,11,7,86.836,True
3,11,8,93.020,True
3,11,9,86.391,True
3,11,10,92.668,True
3,11,11,87.984,True
3,11,12,87.151,True
3,11,13,90.057,True
3,11,14,83.355,True
3,11,15,90.224,True
3,11,16,94.779,True
3,11,17,96.908,True
3,11,18,77.467,True
3,11,19,84.892,True
4,3,0,96.001,True
4,3,1,96.445,True
4,3,2,98.722,True
4,3,3,98.482,True
4,3,4,93.223,True
4,3,5,95.371,True
4,3,6,92.890,True
4,3,7,97.704,True
4,3,8,96.778,True
4,3,9,87.262,True
4,3,10,95.593,True
4,3,11,92.131,True
4,3,12,97.741,True
4,3,13,98.667,True
4,3,14,97.760,True
4,3,15,97.556,True
4,3,16,99.074,True
4,3,17,98.611,True
4,3,18,95.131,True
4,3,19,93.205,True
3,12,0,79.374,True
3,12,1,97.093,True
3,12,2,84.799,True
3,12,3,88.039,True
3,12,4,88.058,True
3,12,5,93.483,True
3,12,6,91.835,True
3,12,7,95.353,True
3,12,8,97.834,True
3,12,9,79.208,True
3,12,10,96.075,True
3,12,11,89.687,True
3,12,12,81.929,True
3,12,13,67.247,True
3,12,14,76.652,True
3,12,15,93.964,True
3,12,16,83.892,True
3,12,17,97.797,True
3,12,18,85.318,True
3,12,19,90.761,True
4,4,0,94.390,True
4,4,1,97.482,True
4,4,2,98.593,True
4,4,3,96.427,True
4,4,4,97.408,True
4,4,5,96.019,True
4,4,6,95.464,True
4,4,7,97.130,True
4,4,8,96.538,True
4,4,9,98.574,True
4,4,10,97.889,True
4,4,11,98.463,True
4,4,12,98.371,True
4,4,13,98.815,True
4,4,14,95.649,True
4,4,15,98.908,True
4,4,16,98.982,True
4,4,17,99.241,True
4,4,18,97.741,True
4,4,19,95.482,True
3,13,0,83.762,True
3,13,1,58.545,True
3,13,2,90.557,True
3,13,3,76.486,True
3,13,4,75.560,True
3,13,5,92.909,True
3,13,6,76.986,True
3,13,7,92.131,True
3,13,8,77.171,True
3,13,9,52.342,True
3,13,10,89.243,True
3,13,11,79.022,True
3,13,12,89.669,True
3,13,13,94.908,True
3,13,14,81.189,True
3,13,15,97.149,True
3,13,16,91.205,True
3,13,17,96.445,True
3,13,18,89.039,True
3,13,19,93.261,True
4,5,0,93.390,True
4,5,1,98.797,True
4,5,2,96.741,True
4,5,3,95.667,True
4,5,4,98.593,True
4,5,5,95.019,True
4,5,6,92.520,True
4,5,7,98.574,True
4,5,8,95.890,True
4,5,9,97.001,True
4,5,10,96.575,True
4,5,11,98.223,True
4,5,12,96.371,True
4,5,13,99.482,True
4,5,14,97.426,True
4,5,15,98.945,True
4,5,16,98.500,True
4,5,17,97.204,True
4,5,18,99.352,True
4,5,19,97.315,True
3,14,0,76.319,True
3,14,1,94.371,True
3,14,2,89.854,True
3,14,3,93.057,True
3,14,4,87.687,True
3,14,5,85.577,True
3,14,6,40.955,True
3,14,7,90.206,True
3,14,8,89.946,True
3,14,9,93.668,True
3,14,10,96.093,True
3,14,11,93.075,True
3,14,12,76.949,True
3,14,13,86.280,True
3,14,14,87.595,True
3,14,15,96.223,True
3,14,16,85.318,True
3,14,17,89.928,True
3,14,18,76.745,True
3,14,19,90.335,True
4,6,0,95.834,True
4,6,1,98.871,True
4,6,2,97.093,True
4,6,3,96.427,True
4,6,4,97.352,True
4,6,5,95.205,True
4,6,6,96.278,True
4,6,7,94.890,True
4,6,8,94.334,True
4,6,9,86.836,True
4,6,10,98.574,True
4,6,11,95.816,True
4,6,12,98.834,True
4,6,13,98.593,True
4,6,14,94.575,True
4,6,15,97.389,True
4,6,16,98.593,True
4,6,17,98.667,True
4,6,18,95.982,True
4,6,19,92.039,True
3,15,0,49.657,True
3,15,1,52.305,True
3,15,2,62.470,True
3,15,3,66.951,True
3,15,4,63.581,True
3,15,5,26.143,True
3,15,6,67.006,True
3,15,7,41.363,True
3,15,8,74.801,True
3,15,9,62.192,True
3,15,10,18.941,True
3,15,11,32.383,True
3,15,12,11.146,True
3,15,13,71.042,True
3,15,14,67.858,True
3,15,15,74.042,True
3,15,16,51.342,True
3,15,17,77.671,True
3,15,18,21.959,True
3,15,19,76.782,True
7,1,0,97.223,False
7,1,1,99.296,False
7,1,2,98.797,False
7,1,3,98.852,False
7,1,4,98.685,False
7,1,5,97.389,False
7,1,6,98.482,False
7,1,7,98.648,False
7,1,8,98.260,False
7,1,9,98.889,False
7,1,10,98.871,False
7,1,11,99.056,False
7,1,12,99.074,False
7,1,13,99.389,False
7,1,14,98.611,False
7,1,15,99.370,False
7,1,16,99.445,False
7,1,17,99.445,False
7,1,18,99.019,False
7,1,19,98.278,False
4,7,0,59.989,True
4,7,1,60.304,True
4,7,2,60.007,True
4,7,3,60.433,True
4,7,4,59.637,True
4,7,5,60.267,True
4,7,6,60.433,True
4,7,7,59.915,True
4,7,8,60.174,True
4,7,9,60.378,True
4,7,10,60.359,True
4,7,11,60.433,True
4,7,12,60.359,True
4,7,13,60.452,True
4,7,14,60.396,True
4,7,15,60.378,True
4,7,16,60.470,True
4,7,17,60.470,True
4,7,18,60.415,True
4,7,19,60.452,True
3,16,0,67.821,True
3,16,1,93.020,True
3,16,2,43.696,True
3,16,3,97.871,True
3,16,4,78.615,True
3,16,5,86.354,True
3,16,6,83.966,True
3,16,7,90.502,True
3,16,8,82.744,True
3,16,9,64.581,True
3,16,10,95.964,True
3,16,11,76.523,True
3,16,12,89.039,True
3,16,13,93.983,True
3,16,14,89.483,True
3,16,15,94.464,True
3,16,16,97.908,True
3,16,17,89.706,True
3,16,18,75.319,True
3,16,19,75.542,True
7,2,0,96.852,False
7,2,1,99.389,False
7,2,2,98.704,False
7,2,3,98.926,False
7,2,4,98.852,False
7,2,5,97.278,False
7,2,6,98.000,False
7,2,7,98.963,False
7,2,8,98.389,False
7,2,9,98.667,False
7,2,10,98.815,False
7,2,11,98.982,False
7,2,12,99.000,False
7,2,13,99.519,False
7,2,14,98.537,False
7,2,15,99.185,False
7,2,16,99.296,False
7,2,17,99.333,False
7,2,18,98.982,False
7,2,19,98.426,False
3,17,0,88.002,True
3,17,1,98.223,True
3,17,2,96.112,True
3,17,3,93.872,True
3,17,4,95.427,True
3,17,5,91.576,True
3,17,6,51.731,True
3,17,7,88.650,True
3,17,8,91.187,True
3,17,9,77.041,True
3,17,10,97.537,True
3,17,11,95.168,True
3,17,12,91.890,True
3,17,13,90.261,True
3,17,14,77.856,True
3,17,15,96.926,True
3,17,16,97.093,True
3,17,17,82.485,True
3,17,18,89.095,True
3,17,19,85.058,True
4,8,0,91.520,True
4,8,1,97.667,True
4,8,2,98.463,True
4,8,3,98.019,True
4,8,4,92.520,True
4,8,5,88.650,True
4,8,6,94.760,True
4,8,7,94.668,True
4,8,8,95.908,True
4,8,9,97.260,True
4,8,10,99.074,True
4,8,11,94.353,True
4,8,12,97.463,True
4,8,13,99.111,True
4,8,14,96.445,True
4,8,15,98.871,True
4,8,16,97.852,True
4,8,17,99.056,True
4,8,18,98.445,True
4,8,19,94.075,True
7,3,0,97.482,False
7,3,1,99.370,False
7,3,2,98.889,False
7,3,3,98.926,False
7,3,4,98.871,False
7,3,5,97.167,False
7,3,6,97.797,False
7,3,7,99.056,False
7,3,8,98.186,False
7,3,9,98.574,False
7,3,10,99.204,False
7,3,11,99.019,False
7,3,12,99.093,False
7,3,13,99.426,False
7,3,14,98.352,False
7,3,15,99.315,False
7,3,16,99.500,False
7,3,17,99.296,False
7,3,18,99.111,False
7,3,19,98.537,False
3,18,0,91.557,True
3,18,1,95.575,True
3,18,2,86.595,True
3,18,3,96.834,True
3,18,4,86.854,True
3,18,5,87.743,True
3,18,6,80.652,True
3,18,7,89.724,True
3,18,8,98.482,True
3,18,9,82.837,True
3,18,10,95.760,True
3,18,11,84.836,True
3,18,12,84.114,True
3,18,13,95.853,True
3,18,14,89.983,True
3,18,15,94.871,True
3,18,16,72.579,True
3,18,17,94.742,True
3,18,18,39.400,True
3,18,19,94.501,True
4,9,0,58.711,True
4,9,1,59.600,True
4,9,2,59.526,True
4,9,3,59.285,True
4,9,4,58.119,True
4,9,5,57.212,True
4,9,6,60.081,True
4,9,7,58.026,True
4,9,8,58.082,True
4,9,9,58.637,True
4,9,10,59.174,True
4,9,11,63.266,True
4,9,12,58.286,True
4,9,13,60.285,True
4,9,14,59.433,True
4,9,15,59.952,True
4,9,16,59.545,True
4,9,17,59.563,True
4,9,18,57.971,True
4,9,19,57.545,True
7,4,0,97.278,False
7,4,1,99.333,False
7,4,2,98.889,False
7,4,3,98.963,False
7,4,4,98.852,False
7,4,5,97.001,False
7,4,6,98.223,False
7,4,7,98.722,False
7,4,8,98.315,False
7,4,9,98.667,False
7,4,10,99.056,False
7,4,11,98.945,False
7,4,12,98.815,False
7,4,13,99.389,False
7,4,14,98.556,False
7,4,15,99.296,False
7,4,16,99.278,False
7,4,17,99.389,False
7,4,18,98.889,False
7,4,19,98.574,False
3,19,0,60.544,True
3,19,1,98.389,True
3,19,2,84.781,True
3,19,3,82.244,True
3,19,4,96.649,True
3,19,5,86.873,True
3,19,6,77.004,True
3,19,7,90.946,True
3,19,8,68.747,True
3,19,9,90.779,True
3,19,10,97.297,True
3,19,11,82.411,True
3,19,12,89.317,True
3,19,13,87.169,True
3,19,14,78.615,True
3,19,15,95.853,True
3,19,16,97.352,True
3,19,17,96.260,True
3,19,18,92.113,True
3,19,19,86.188,True
4,10,0,96.334,True
4,10,1,97.741,True
4,10,2,97.241,True
4,10,3,98.945,True
4,10,4,98.223,True
4,10,5,93.205,True
4,10,6,98.074,True
4,10,7,97.500,True
4,10,8,97.926,True
4,10,9,97.575,True
4,10,10,99.000,True
4,10,11,96.964,True
4,10,12,97.760,True
4,10,13,97.723,True
4,10,14,96.260,True
4,10,15,98.945,True
4,10,16,98.519,True
4,10,17,98.852,True
4,10,18,94.334,True
4,10,19,97.760,True
7,5,0,97.315,False
7,5,1,99.426,False
7,5,2,98.685,False
7,5,3,98.778,False
7,5,4,98.815,False
7,5,5,97.056,False
7,5,6,98.167,False
7,5,7,98.778,False
7,5,8,98.463,False
7,5,9,98.648,False
7,5,10,99.056,False
7,5,11,99.037,False
7,5,12,99.204,False
7,5,13,99.352,False
7,5,14,98.722,False
7,5,15,99.204,False
7,5,16,99.482,False
7,5,17,99.408,False
7,5,18,98.908,False
7,5,19,98.463,False
3,20,0,85.040,True
3,20,1,93.760,True
3,20,2,91.613,True
3,20,3,90.372,True
3,20,4,85.095,True
3,20,5,93.946,True
3,20,6,93.631,True
3,20,7,97.408,True
3,20,8,90.057,True
3,20,9,96.445,True
3,20,10,47.880,True
3,20,11,94.297,True
3,20,12,95.297,True
3,20,13,94.260,True
3,20,14,96.260,True
3,20,15,95.945,True
3,20,16,96.630,True
3,20,17,95.982,True
3,20,18,87.336,True
3,20,19,84.725,True
4,11,0,95.205,True
4,11,1,98.260,True
4,11,2,98.130,True
4,11,3,96.445,True
4,11,4,96.204,True
4,11,5,91.150,True
4,11,6,96.315,True
4,11,7,98.667,True
4,11,8,94.742,True
4,11,9,97.519,True
4,11,10,98.908,True
4,11,11,97.167,True
4,11,12,98.426,True
4,11,13,99.037,True
4,11,14,94.612,True
4,11,15,98.908,True
4,11,16,98.815,True
4,11,17,99.278,True
4,11,18,94.390,True
4,11,19,92.464,True
7,6,0,97.389,False
7,6,1,99.482,False
7,6,2,98.445,False
7,6,3,98.963,False
7,6,4,98.611,False
7,6,5,97.278,False
7,6,6,98.204,False
7,6,7,98.815,False
7,6,8,98.334,False
7,6,9,98.611,False
7,6,10,99.241,False
7,6,11,99.056,False
7,6,12,99.148,False
7,6,13,99.389,False
7,6,14,98.593,False
7,6,15,99.389,False
7,6,16,99.296,False
7,6,17,99.408,False
7,6,18,99.056,False
7,6,19,98.445,False
4,12,0,95.871,True
4,12,1,98.963,True
4,12,2,97.352,True
4,12,3,98.889,True
4,12,4,98.611,True
4,12,5,96.001,True
4,12,6,96.334,True
4,12,7,97.871,True
4,12,8,85.873,True
4,12,9,96.760,True
4,12,10,98.704,True
4,12,11,98.482,True
4,12,12,97.593,True
4,12,13,98.371,True
4,12,14,97.130,True
4,12,15,98.797,True
4,12,16,99.130,True
4,12,17,98.685,True
4,12,18,96.241,True
4,12,19,97.649,True
7,7,0,97.278,False
7,7,1,99.463,False
7,7,2,98.722,False
7,7,3,98.889,False
7,7,4,98.871,False
7,7,5,97.056,False
7,7,6,98.111,False
7,7,7,98.926,False
7,7,8,98.371,False
7,7,9,98.667,False
7,7,10,99.037,False
7,7,11,99.019,False
7,7,12,98.982,False
7,7,13,99.408,False
7,7,14,98.482,False
7,7,15,99.185,False
7,7,16,99.482,False
7,7,17,99.241,False
7,7,18,98.871,False
7,7,19,98.482,False
4,13,0,97.297,True
4,13,1,97.112,True
4,13,2,98.556,True
4,13,3,98.186,True
4,13,4,97.871,True
4,13,5,96.371,True
4,13,6,97.130,True
4,13,7,94.483,True
4,13,8,97.445,True
4,13,9,97.667,True
4,13,10,98.426,True
4,13,11,97.686,True
4,13,12,93.149,True
4,13,13,98.093,True
4,13,14,97.556,True
4,13,15,99.278,True
4,13,16,98.704,True
4,13,17,99.130,True
4,13,18,94.594,True
4,13,19,97.371,True
7,8,0,97.334,False
7,8,1,99.222,False
7,8,2,98.926,False
7,8,3,99.037,False
7,8,4,99.000,False
7,8,5,97.149,False
7,8,6,97.982,False
7,8,7,98.741,False
7,8,8,98.074,False
7,8,9,98.630,False
7,8,10,98.963,False
7,8,11,98.926,False
7,8,12,98.945,False
7,8,13,99.445,False
7,8,14,98.519,False
7,8,15,99.259,False
7,8,16,99.463,False
7,8,17,99.259,False
7,8,18,99.037,False
7,8,19,98.463,False
4,14,0,92.224,True
4,14,1,98.223,True
4,14,2,98.111,True
4,14,3,95.538,True
4,14,4,97.982,True
4,14,5,90.076,True
4,14,6,96.649,True
4,14,7,97.056,True
4,14,8,96.001,True
4,14,9,94.871,True
4,14,10,96.353,True
4,14,11,98.593,True
4,14,12,95.445,True
4,14,13,99.019,True
4,14,14,94.557,True
4,14,15,98.704,True
4,14,16,97.797,True
4,14,17,97.556,True
4,14,18,97.315,True
4,14,19,98.241,True
7,9,0,97.260,False
7,9,1,99.352,False
7,9,2,98.963,False
7,9,3,98.963,False
7,9,4,98.871,False
7,9,5,97.056,False
7,9,6,98.260,False
7,9,7,98.741,False
7,9,8,98.148,False
7,9,9,98.741,False
7,9,10,98.963,False
7,9,11,98.778,False
7,9,12,99.037,False
7,9,13,99.611,False
7,9,14,98.722,False
7,9,15,99.259,False
7,9,16,99.370,False
7,9,17,99.389,False
7,9,18,98.778,False
7,9,19,98.130,False
4,15,0,59.045,True
4,15,1,60.674,True
4,15,2,61.118,True
4,15,3,55.453,True
4,15,4,57.156,True
4,15,5,54.694,True
4,15,6,61.378,True
4,15,7,59.748,True
4,15,8,59.304,True
4,15,9,60.211,True
4,15,10,59.230,True
4,15,11,61.655,True
4,15,12,51.046,True
4,15,13,59.970,True
4,15,14,56.415,True
4,15,15,60.211,True
4,15,16,59.600,True
4,15,17,59.730,True
4,15,18,54.971,True
4,15,19,59.600,True
7,10,0,97.260,False
7,10,1,99.482,False
7,10,2,98.871,False
7,10,3,98.982,False
7,10,4,98.611,False
7,10,5,97.389,False
7,10,6,98.223,False
7,10,7,98.889,False
7,10,8,98.167,False
7,10,9,98.759,False
7,10,10,99.222,False
7,10,11,98.852,False
7,10,12,99.056,False
7,10,13,99.408,False
7,10,14,98.926,False
7,10,15,99.333,False
7,10,16,99.593,False
7,10,17,99.408,False
7,10,18,99.130,False
7,10,19,98.445,False
4,16,0,96.741,True
4,16,1,96.667,True
4,16,2,97.889,True
4,16,3,97.723,True
4,16,4,93.372,True
4,16,5,96.575,True
4,16,6,91.798,True
4,16,7,97.926,True
4,16,8,95.556,True
4,16,9,98.241,True
4,16,10,97.797,True
4,16,11,97.871,True
4,16,12,97.908,True
4,16,13,99.074,True
4,16,14,98.111,True
4,16,15,98.334,True
4,16,16,97.408,True
4,16,17,99.000,True
4,16,18,94.483,True
4,16,19,96.908,True
7,11,0,97.223,False
7,11,1,99.333,False
7,11,2,98.834,False
7,11,3,98.797,False
7,11,4,98.741,False
7,11,5,97.038,False
7,11,6,98.408,False
7,11,7,98.852,False
7,11,8,98.148,False
7,11,9,98.574,False
7,11,10,99.074,False
7,11,11,99.111,False
7,11,12,99.241,False
7,11,13,99.500,False
7,11,14,98.667,False
7,11,15,99.148,False
7,11,16,99.352,False
7,11,17,99.259,False
7,11,18,99.037,False
7,11,19,98.408,False
4,17,0,92.298,True
4,17,1,97.797,True
4,17,2,98.648,True
4,17,3,97.704,True
4,17,4,97.075,True
4,17,5,93.242,True
4,17,6,84.244,True
4,17,7,98.667,True
4,17,8,94.390,True
4,17,9,98.186,True
4,17,10,97.167,True
4,17,11,97.630,True
4,17,12,97.593,True
4,17,13,98.463,True
4,17,14,98.223,True
4,17,15,98.278,True
4,17,16,99.037,True
4,17,17,99.056,True
4,17,18,95.001,True
4,17,19,96.445,True
7,12,0,97.297,False
7,12,1,99.204,False
7,12,2,99.000,False
7,12,3,98.945,False
7,12,4,98.852,False
7,12,5,96.926,False
7,12,6,98.260,False
7,12,7,98.871,False
7,12,8,98.241,False
7,12,9,98.704,False
7,12,10,98.982,False
7,12,11,98.982,False
7,12,12,99.037,False
7,12,13,99.389,False
7,12,14,98.389,False
7,12,15,99.111,False
7,12,16,99.482,False
7,12,17,99.333,False
7,12,18,98.797,False
7,12,19,98.445,False
7,13,0,97.334,False
7,13,1,99.445,False
7,13,2,99.019,False
7,13,3,99.037,False
7,13,4,98.982,False
7,13,5,97.075,False
7,13,6,98.371,False
7,13,7,98.982,False
7,13,8,98.315,False
7,13,9,98.630,False
7,13,10,99.111,False
7,13,11,98.963,False
7,13,12,99.148,False
7,13,13,99.296,False
7,13,14,98.630,False
7,13,15,99.185,False
7,13,16,99.463,False
7,13,17,99.389,False
7,13,18,98.926,False
7,13,19,98.648,False
4,18,0,91.465,True
4,18,1,99.185,True
4,18,2,98.630,True
4,18,3,98.611,True
4,18,4,89.687,True
4,18,5,94.390,True
4,18,6,96.353,True
4,18,7,94.834,True
4,18,8,97.519,True
4,18,9,97.482,True
4,18,10,97.204,True
4,18,11,98.537,True
4,18,12,99.037,True
4,18,13,99.315,True
4,18,14,94.371,True
4,18,15,99.370,True
4,18,16,98.204,True
4,18,17,99.352,True
4,18,18,96.112,True
4,18,19,97.019,True
7,14,0,97.408,False
7,14,1,99.278,False
7,14,2,98.834,False
7,14,3,98.759,False
7,14,4,98.741,False
7,14,5,97.056,False
7,14,6,98.130,False
7,14,7,98.797,False
7,14,8,98.315,False
7,14,9,98.704,False
7,14,10,99.093,False
7,14,11,99.074,False
7,14,12,98.982,False
7,14,13,99.333,False
7,14,14,98.648,False
7,14,15,99.278,False
7,14,16,99.426,False
7,14,17,99.278,False
7,14,18,98.722,False
7,14,19,98.278,False
4,19,0,96.445,True
4,19,1,99.370,True
4,19,2,97.482,True
4,19,3,93.298,True
4,19,4,95.556,True
4,19,5,95.501,True
4,19,6,96.871,True
4,19,7,98.834,True
4,19,8,96.056,True
4,19,9,96.945,True
4,19,10,98.834,True
4,19,11,97.704,True
4,19,12,98.000,True
4,19,13,98.352,True
4,19,14,90.965,True
4,19,15,98.408,True
4,19,16,98.611,True
4,19,17,99.167,True
4,19,18,98.593,True
4,19,19,97.389,True
7,15,0,97.186,False
7,15,1,99.278,False
7,15,2,98.889,False
7,15,3,98.834,False
7,15,4,98.963,False
7,15,5,96.834,False
7,15,6,98.352,False
7,15,7,98.871,False
7,15,8,98.241,False
7,15,9,98.630,False
7,15,10,99.148,False
7,15,11,99.074,False
7,15,12,98.963,False
7,15,13,99.463,False
7,15,14,98.482,False
7,15,15,99.408,False
7,15,16,99.315,False
7,15,17,99.426,False
7,15,18,99.037,False
7,15,19,98.445,False
4,20,0,93.409,True
4,20,1,97.556,True
4,20,2,96.038,True
4,20,3,98.426,True
4,20,4,96.241,True
4,20,5,96.186,True
4,20,6,97.926,True
4,20,7,98.593,True
4,20,8,96.353,True
4,20,9,94.871,True
4,20,10,95.501,True
4,20,11,98.852,True
4,20,12,98.019,True
4,20,13,98.667,True
4,20,14,91.502,True
4,20,15,98.759,True
4,20,16,99.445,True
4,20,17,98.834,True
4,20,18,94.594,True
4,20,19,97.741,True
7,16,0,97.315,False
7,16,1,99.111,False
7,16,2,98.852,False
7,16,3,98.889,False
7,16,4,98.593,False
7,16,5,97.204,False
7,16,6,98.297,False
7,16,7,98.797,False
7,16,8,98.241,False
7,16,9,98.778,False
7,16,10,99.148,False
7,16,11,99.185,False
7,16,12,99.093,False
7,16,13,99.537,False
7,16,14,98.445,False
7,16,15,99.370,False
7,16,16,99.593,False
7,16,17,99.333,False
7,16,18,99.000,False
7,16,19,98.574,False
7,17,0,97.204,False
7,17,1,99.389,False
7,17,2,98.759,False
7,17,3,98.834,False
7,17,4,98.834,False
7,17,5,97.204,False
7,17,6,97.963,False
7,17,7,98.815,False
7,17,8,98.537,False
7,17,9,98.908,False
7,17,10,98.982,False
7,17,11,99.074,False
7,17,12,98.963,False
7,17,13,99.370,False
7,17,14,98.537,False
7,17,15,99.463,False
7,17,16,99.315,False
7,17,17,99.222,False
7,17,18,99.167,False
7,17,19,98.611,False
7,18,0,97.408,False
7,18,1,99.315,False
7,18,2,98.815,False
7,18,3,98.778,False
7,18,4,98.778,False
7,18,5,97.315,False
7,18,6,98.297,False
7,18,7,98.908,False
7,18,8,98.315,False
7,18,9,98.463,False
7,18,10,98.797,False
7,18,11,98.982,False
7,18,12,99.093,False
7,18,13,99.148,False
7,18,14,98.722,False
7,18,15,99.204,False
7,18,16,99.389,False
7,18,17,99.408,False
7,18,18,98.926,False
7,18,19,98.389,False
7,19,0,97.315,False
7,19,1,99.204,False
7,19,2,98.834,False
7,19,3,99.019,False
7,19,4,98.741,False
7,19,5,97.075,False
7,19,6,98.278,False
7,19,7,98.797,False
7,19,8,98.315,False
7,19,9,98.500,False
7,19,10,99.074,False
7,19,11,99.093,False
7,19,12,99.093,False
7,19,13,99.519,False
7,19,14,98.500,False
7,19,15,99.519,False
7,19,16,99.259,False
7,19,17,99.408,False
7,19,18,99.000,False
7,19,19,98.408,False
7,20,0,97.315,False
7,20,1,99.222,False
7,20,2,98.759,False
7,20,3,98.852,False
7,20,4,98.963,False
7,20,5,97.001,False
7,20,6,98.426,False
7,20,7,98.778,False
7,20,8,98.463,False
7,20,9,98.500,False
7,20,10,99.111,False
7,20,11,99.130,False
7,20,12,98.908,False
7,20,13,99.333,False
7,20,14,98.537,False
7,20,15,99.259,False
7,20,16,99.593,False
7,20,17,99.315,False
7,20,18,98.963,False
7,20,19,98.352,False
